ID_POP;ANNEE;POP;NAIS;DECES
01350;2019;2542;27;15
01103;2019;2149;32;2
01004;2019;14134;220;158
01143;2019;9951;79;53
01288;2019;2717;31;4
01033;2019;16378;213;117
01138;2019;3004;37;25
01354;2019;13943;164;33
01283;2019;22456;276;201
01357;2019;502;4;3
01173;2019;13121;188;70
01071;2019;4808;61;9
01014;2019;3349;30;15
01396;2019;977;11;9
01160;2019;10026;95;28
01399;2019;2107;21;7
01202;2019;7161;83;57
01204;2019;735;5;4
01034;2019;9182;85;119
01281;2019;4483;44;23
01148;2019;1879;13;15
01313;2019;8711;83;16
01060;2019;493;1;6
01363;2019;1772;23;12
01269;2019;3454;42;60
01345;2019;2266;18;14
01419;2019;6021;64;17
01030;2019;829;11;2
01031;2019;3652;30;15
01185;2019;4844;29;77
01210;2019;228;1;2
01436;2019;481;2;1
01192;2019;2277;15;9
01153;2019;2115;14;7
01435;2019;2157;16;2
01390;2019;1246;10;23
01109;2019;2226;20;8
01079;2019;811;5;38
01199;2019;2137;25;30
01240;2019;627;3;3
01187;2019;618;7;9
01224;2019;3225;42;17
01247;2019;312;4;2
01401;2019;2167;17;10
01158;2019;1048;6;1
01135;2019;2171;22;12
01443;2019;4978;58;70
01244;2019;7923;93;58
01258;2019;1190;8;5
01262;2019;6886;92;56
01194;2019;6346;72;50
01142;2019;4777;43;20
01248;2019;2197;30;8
01450;2019;3717;38;18
02173;2019;11653;124;155
02408;2019;24304;324;261
02304;2019;2838;42;62
02755;2019;589;7;4
02680;2019;2294;14;63
02738;2019;13588;145;128
02318;2019;1381;14;14
02691;2019;53570;638;681
02722;2019;28712;327;314
02226;2019;1863;11;13
02795;2019;1618;22;26
02810;2019;10424;136;103
02410;2019;244;7;3
02537;2019;202;2;1
02758;2019;2012;24;28
02201;2019;441;6;29
02064;2019;3832;21;98
02168;2019;15254;213;196
02305;2019;3001;25;50
03190;2019;19246;204;257
03321;2019;12838;105;154
03095;2019;12474;114;174
03310;2019;24980;240;411
04209;2019;7595;61;80
04166;2019;1726;4;26
04073;2019;388;4;3
04049;2019;5089;37;61
04070;2019;16482;135;169
04126;2019;406;4;1
04006;2019;824;6;4
04039;2019;1470;12;21
04096;2019;1132;12;26
04102;2019;179;1;0
04205;2019;1379;6;29
04176;2019;119;2;1
04086;2019;303;2;1
04019;2019;2564;21;42
04094;2019;2639;27;36
04189;2019;627;2;5
04145;2019;1448;9;26
04245;2019;3206;23;42
04088;2019;5121;36;97
04203;2019;475;3;2
04112;2019;22528;252;268
04226;2019;594;5;4
04139;2019;523;2;6
04151;2019;520;2;7
04143;2019;5867;42;82
04079;2019;1371;18;12
04242;2019;4323;47;31
04230;2019;3173;34;43
04244;2019;1641;5;18
04197;2019;3442;32;47
04178;2019;1319;8;23
04069;2019;135;1;1
04022;2019;417;4;5
05070;2019;3543;34;69
05153;2019;352;4;8
05084;2019;457;4;2
05177;2019;528;7;4
05046;2019;6335;46;94
05156;2019;516;4;1
05023;2019;11339;104;104
05096;2019;674;4;9
05101;2019;1154;9;16
05006;2019;2255;11;22
05061;2019;40631;363;375
05139;2019;916;7;4
05064;2019;105;0;0
05001;2019;383;1;3
05161;2019;935;7;8
05179;2019;3216;28;61
05004;2019;917;8;1
05098;2019;543;2;2
05166;2019;1285;9;42
05119;2019;655;10;5
05040;2019;3061;31;15
05110;2019;301;3;2
05132;2019;2063;13;17
05093;2019;359;1;1
05079;2019;1060;8;4
05017;2019;2562;20;8
05065;2019;2312;15;36
05164;2019;1076;9;29
05085;2019;454;8;1
05072;2019;243;2;4
05111;2019;273;3;2
05133;2019;1531;16;13
06088;2019;342669;4546;3586
06114;2019;5695;77;48
06149;2019;10115;89;91
06060;2019;1994;13;38
06083;2019;30525;91;321
06104;2019;12839;37;92
06012;2019;13358;45;68
06162;2019;696;1;14
06132;2019;458;0;10
06163;2019;2166;4;45
06136;2019;3805;11;67
06035;2019;1126;5;1
06036;2019;400;2;0
06067;2019;1493;4;46
06086;2019;251;1;3
06023;2019;2137;10;27
06113;2019;1338;4;3
06159;2019;5033;39;97
06073;2019;653;1;2
06094;2019;783;3;3
06153;2019;835;6;8
06011;2019;3755;20;30
06092;2019;1465;11;16
06054;2019;5117;56;66
06057;2019;2554;21;61
06032;2019;4523;4;18
06158;2019;776;9;4
06127;2019;1444;10;26
06014;2019;947;5;22
06120;2019;1494;9;15
06126;2019;3095;30;18
06048;2019;7437;74;117
06150;2019;2981;8;14
06071;2019;600;8;20
06091;2019;2370;17;26
06059;2019;2256;8;21
06066;2019;1599;16;11
06103;2019;1833;15;47
06046;2019;3482;13;47
06121;2019;1492;8;10
06075;2019;4761;53;38
06016;2019;551;2;4
06015;2019;1240;18;11
06141;2019;347;2;2
06019;2019;1657;19;9
06013;2019;690;4;10
06077;2019;1294;6;6
06074;2019;1241;4;17
06006;2019;2272;24;7
06020;2019;566;7;5
06102;2019;91;0;3
06031;2019;1300;6;14
06042;2019;665;6;10
06109;2019;950;12;8
06151;2019;867;16;3
06099;2019;1840;18;35
06030;2019;41887;469;521
06084;2019;9887;80;126
06155;2019;27364;325;343
06004;2019;73438;855;888
06108;2019;5385;50;39
06085;2019;19982;176;212
06018;2019;9668;70;81
06029;2019;74545;829;1093
06079;2019;21998;206;274
06069;2019;48870;606;498
06090;2019;7996;85;102
06138;2019;1362;10;12
06033;2019;12550;156;82
06157;2019;18940;169;225
06118;2019;3903;28;33
06025;2019;1414;11;12
06130;2019;3654;21;23
06065;2019;7010;49;56
06010;2019;2921;27;53
06152;2019;13486;114;62
06070;2019;570;8;4
06095;2019;8192;74;70
06003;2019;648;7;4
06027;2019;52178;499;590
06161;2019;16285;169;108
06123;2019;29169;373;323
06044;2019;7898;64;58
06128;2019;3252;29;26
07259;2019;1688;11;17
07331;2019;3530;40;53
07042;2019;7187;110;115
07100;2019;499;5;7
07304;2019;704;5;7
07019;2019;12479;106;196
07349;2019;4848;49;91
07186;2019;8465;84;117
07055;2019;2979;36;23
07330;2019;2412;24;52
07116;2019;1358;15;24
07201;2019;2276;11;52
07131;2019;452;1;3
07296;2019;1748;13;24
07240;2019;2405;25;14
07346;2019;3689;38;59
07279;2019;1897;10;14
07255;2019;1461;10;12
07268;2019;949;10;7
07324;2019;10622;115;120
07281;2019;7580;61;65
07102;2019;10756;96;130
07010;2019;16297;208;253
07308;2019;2228;19;19
07089;2019;1713;27;7
07245;2019;2508;13;20
07078;2019;3168;22;50
08105;2019;46436;536;551
08190;2019;6476;17;34
08385;2019;1071;10;6
08362;2019;7467;67;91
08409;2019;16092;160;204
08090;2019;2879;24;41
08043;2019;1622;22;16
08053;2019;2423;22;31
09322;2019;272;2;7
09282;2019;4828;39;44
09122;2019;9493;86;126
09265;2019;2859;20;43
09176;2019;521;3;20
09032;2019;1288;6;13
09194;2019;3102;19;60
09160;2019;6031;44;91
09225;2019;15659;175;169
09105;2019;708;5;10
10033;2019;4787;40;80
10081;2019;11741;178;97
10102;2019;189;0;0
10123;2019;873;3;7
10265;2019;3280;29;33
10268;2019;5966;72;72
10297;2019;5154;52;102
10323;2019;14480;175;183
10325;2019;4521;39;17
10333;2019;12784;124;118
10343;2019;6765;48;94
10362;2019;10508;101;97
10382;2019;1047;11;17
10387;2019;61957;775;585
11024;2019;784;4;7
11048;2019;727;3;8
11069;2019;46825;551;528
11076;2019;12187;104;180
11106;2019;5825;62;69
11144;2019;1069;8;18
11145;2019;3758;14;41
11170;2019;5087;18;66
11199;2019;1513;9;7
11202;2019;4612;23;92
11203;2019;11317;114;138
11206;2019;10012;72;161
11258;2019;2030;17;13
11262;2019;55516;541;648
11266;2019;5795;45;90
11281;2019;1230;7;5
11285;2019;1132;11;11
11310;2019;201;0;0
11370;2019;3254;29;41
11379;2019;5533;39;64
11397;2019;5502;48;53
11441;2019;2658;16;17
12146;2019;2284;22;16
13001;2019;145133;1438;1223
13002;2019;21372;192;200
13004;2019;50454;597;573
13005;2019;47535;477;495
13007;2019;12922;112;72
13016;2019;6270;61;62
13022;2019;6905;49;105
13026;2019;17606;240;159
13027;2019;16063;180;120
13028;2019;35993;385;457
13030;2019;5244;55;30
13031;2019;3768;39;31
13033;2019;5783;54;37
13035;2019;6844;78;64
13036;2019;4496;34;51
13042;2019;6635;53;69
13043;2019;9887;140;63
13045;2019;4856;53;31
13046;2019;4271;38;57
13054;2019;32384;454;307
13063;2019;26428;360;216
13070;2019;6519;64;102
13073;2019;5598;56;35
13075;2019;11649;87;156
13085;2019;6015;57;100
13086;2019;8713;76;74
13087;2019;4918;60;41
13100;2019;9769;78;129
13101;2019;3443;30;29
13103;2019;45386;537;392
13117;2019;33333;488;258
13119;2019;6498;58;61
13201;2019;39893;777;262
13202;2019;25217;380;188
13203;2019;51792;1161;298
13204;2019;49296;691;461
13205;2019;46152;604;369
13206;2019;42135;595;310
13207;2019;34697;389;324
13208;2019;81436;897;826
13209;2019;76633;771;739
13210;2019;58491;830;497
13211;2019;57278;641;486
13212;2019;61406;634;773
13213;2019;91358;1303;826
13214;2019;61702;1277;471
13215;2019;77243;1392;535
13216;2019;16002;321;202
14059;2019;414;1;5
14079;2019;1553;8;17
14118;2019;106230;1034;896
14220;2019;3565;15;73
14225;2019;5276;38;83
14229;2019;2293;17;36
14243;2019;1587;5;63
14312;2019;1536;11;60
14333;2019;6733;79;68
14338;2019;1711;10;27
14366;2019;20038;190;285
14409;2019;2186;11;29
14514;2019;4627;43;101
14536;2019;2547;24;20
14557;2019;1132;6;40
14699;2019;3731;39;41
14701;2019;782;5;7
14715;2019;4603;21;121
14754;2019;2543;9;36
16015;2019;41603;523;406
16028;2019;4714;24;92
16154;2019;6119;46;108
16166;2019;5626;43;104
16291;2019;7305;81;105
16341;2019;3218;28;66
16374;2019;9761;125;110
17010;2019;4050;27;63
17019;2019;1302;8;33
17028;2019;9247;92;114
17034;2019;463;2;17
17094;2019;5900;24;86
17109;2019;1438;14;7
17127;2019;1776;25;11
17142;2019;5638;38;57
17168;2019;3934;25;89
17200;2019;7098;53;105
17207;2019;734;6;7
17218;2019;4505;27;86
17230;2019;3123;14;54
17274;2019;8684;68;72
17286;2019;594;0;6
17291;2019;6556;43;116
17299;2019;23584;191;343
17300;2019;77205;721;731
17333;2019;5342;13;139
17347;2019;6796;45;153
17369;2019;2215;14;59
17414;2019;5091;55;45
17415;2019;25287;234;353
17421;2019;7180;37;118
17449;2019;8097;61;87
18005;2019;1068;10;5
18015;2019;5502;37;82
18033;2019;64541;710;827
18141;2019;6555;43;96
18157;2019;763;14;2
18197;2019;9488;63;213
18207;2019;6442;46;120
18279;2019;25464;303;394
19031;2019;46330;458;599
19123;2019;7984;74;79
19202;2019;2007;18;20
19243;2019;851;5;20
19269;2019;1297;9;41
19272;2019;14812;115;186
19274;2019;4215;41;29
19275;2019;9358;80;119
21231;2019;158002;1632;1195
22020;2019;2902;22;88
22032;2019;2495;26;45
22050;2019;14407;94;283
22054;2019;3922;15;77
22055;2019;6934;37;84
22070;2019;7069;58;86
22081;2019;4183;49;51
22093;2019;16688;163;181
22094;2019;1558;7;15
22106;2019;7801;69;60
22113;2019;20210;160;244
22118;2019;4195;41;62
22136;2019;9605;100;141
22143;2019;1697;17;33
22160;2019;946;6;5
22162;2019;7179;36;149
22168;2019;7089;45;146
22172;2019;2981;17;55
22179;2019;1602;13;36
22186;2019;4083;15;83
22187;2019;14309;120;143
22194;2019;3620;14;93
22206;2019;3916;41;50
22209;2019;3757;37;41
22215;2019;11383;108;87
22222;2019;4541;19;116
22225;2019;5409;47;60
22278;2019;43605;489;580
22282;2019;3308;16;67
22325;2019;3121;9;54
22339;2019;2524;26;17
22343;2019;3641;19;66
22360;2019;8459;69;74
22362;2019;2416;7;90
22379;2019;1483;6;14
23096;2019;12734;101;183
23176;2019;4982;23;80
24037;2019;26693;222;408
24053;2019;10737;81;68
24086;2019;448;5;8
24138;2019;7387;89;93
24226;2019;1377;8;41
24322;2019;29896;250;394
24335;2019;2478;12;50
24356;2019;1628;10;20
24362;2019;1588;4;35
24520;2019;8816;70;117
24547;2019;6266;57;90
24557;2019;7006;65;92
25031;2019;13341;182;180
25035;2019;2515;19;21
25047;2019;4989;46;94
25056;2019;117912;1316;936
25073;2019;830;3;4
25084;2019;1166;9;14
25127;2019;2741;31;15
25157;2019;1299;24;7
25197;2019;616;10;7
25204;2019;3198;25;78
25222;2019;1595;21;8
25254;2019;1405;27;8
25265;2019;1317;8;6
25293;2019;1267;19;2
25304;2019;3662;28;29
25307;2019;913;14;3
25318;2019;1801;32;5
25321;2019;5188;54;22
25364;2019;1795;12;28
25380;2019;1339;23;1
25381;2019;2555;18;12
25388;2019;25806;329;273
25403;2019;2129;23;9
25411;2019;6853;72;64
25413;2019;1047;14;24
25434;2019;4423;34;62
25462;2019;17542;224;132
25494;2019;711;8;3
25495;2019;2157;13;18
25527;2019;4922;40;34
25539;2019;5726;51;59
25578;2019;5748;54;30
26008;2019;1370;17;14
26037;2019;3984;47;26
26042;2019;1599;14;20
26057;2019;9957;109;100
26058;2019;19792;196;176
26064;2019;6814;62;55
26108;2019;8680;89;111
26114;2019;3239;21;68
26116;2019;5921;88;51
26165;2019;9202;95;102
26166;2019;6616;84;56
26179;2019;2732;18;13
26182;2019;1550;12;21
26191;2019;2400;41;12
26197;2019;4271;33;40
26198;2019;39818;445;389
26211;2019;1348;11;6
26213;2019;681;5;5
26218;2019;3229;22;42
26220;2019;6772;31;148
26235;2019;13510;175;116
26247;2019;531;4;2
26250;2019;3573;45;20
26252;2019;10680;115;84
26271;2019;3395;27;31
26281;2019;33098;355;392
26290;2019;362;3;4
26301;2019;4248;33;51
26322;2019;420;0;4
26324;2019;8736;106;87
26325;2019;6758;88;58
26333;2019;3960;46;93
26338;2019;1823;12;14
26347;2019;6106;70;58
26357;2019;2012;21;31
26362;2019;64749;883;637
27016;2019;8070;72;106
27051;2019;2794;22;29
27056;2019;9848;80;182
27119;2019;1615;15;28
27165;2019;4995;48;78
27229;2019;46349;673;480
27230;2019;3702;29;31
27275;2019;6860;88;42
27284;2019;11696;129;154
27299;2019;3994;46;27
27448;2019;5056;53;92
27502;2019;2214;18;51
27562;2019;4425;43;39
27660;2019;237;0;1
27679;2019;7614;63;126
27681;2019;23727;368;248
28007;2019;2697;22;38
28015;2019;6090;81;56
28084;2019;711;5;4
28085;2019;38534;439;493
28088;2019;13096;127;171
28089;2019;2596;34;52
28094;2019;1670;19;13
28110;2019;4078;38;31
28113;2019;1343;14;13
28116;2019;2831;25;40
28134;2019;30646;509;281
28140;2019;5634;84;40
28168;2019;3693;40;38
28172;2019;797;8;1
28173;2019;1494;16;24
28191;2019;2682;25;19
28201;2019;1961;24;14
28209;2019;5686;57;62
28213;2019;665;2;2
28218;2019;15403;195;122
28220;2019;6689;28;63
28227;2019;4457;47;59
28229;2019;11127;146;78
28279;2019;3981;41;57
28280;2019;9491;71;135
28334;2019;2195;17;20
28348;2019;4019;39;47
28358;2019;2072;26;11
28359;2019;4041;37;30
28391;2019;2595;24;24
28404;2019;12472;154;152
29019;2019;139926;1449;1246
29022;2019;2466;10;47
29023;2019;3189;15;54
29031;2019;4528;43;53
29039;2019;19816;131;292
29042;2019;7386;48;117
29045;2019;2215;23;13
29046;2019;14000;76;255
29103;2019;15918;133;195
29105;2019;9151;81;94
29151;2019;14845;148;192
29188;2019;2737;14;62
29189;2019;13161;121;170
29217;2019;2821;13;59
29232;2019;63283;614;632
29233;2019;12220;116;171
29239;2019;3489;11;56
29254;2019;4621;24;71
29256;2019;760;6;12
29260;2019;8163;80;75
2A004;2019;71361;497;625
2A008;2019;1771;15;15
2A017;2019;1813;17;12
2A018;2019;160;1;1
2A021;2019;77;1;2
2A032;2019;4124;41;30
2A035;2019;161;2;0
2A041;2019;3192;40;32
2A048;2019;499;9;6
2A070;2019;389;2;9
2A071;2019;214;0;3
2A085;2019;1493;16;24
2A090;2019;679;4;10
2A098;2019;713;7;8
2A103;2019;2017;11;13
2A119;2019;137;1;0
2A130;2019;3402;30;36
2A139;2019;1838;13;7
2A189;2019;1218;14;15
2A198;2019;539;3;9
2A200;2019;143;0;1
2A212;2019;468;6;5
2A215;2019;910;6;12
2A228;2019;1859;9;10
2A247;2019;11132;174;123
2A249;2019;3699;39;58
2A254;2019;200;2;2
2A269;2019;1392;11;13
2A271;2019;3289;51;38
2A272;2019;3248;25;38
2A276;2019;489;5;5
2A288;2019;1401;24;12
2A312;2019;404;2;7
2A324;2019;399;7;5
2A348;2019;889;3;17
2A349;2019;846;5;6
2A362;2019;2759;35;24
2B020;2019;598;4;8
2B087;2019;2199;7;14
2B134;2019;3163;35;53
2B185;2019;1781;12;17
30003;2019;8560;76;82
30004;2019;3338;39;41
30006;2019;5717;76;46
30007;2019;41837;400;494
30010;2019;3327;24;62
30011;2019;8476;72;106
30017;2019;210;0;2
30020;2019;2363;15;13
30028;2019;18091;183;211
30032;2019;15906;225;185
30034;2019;7353;108;50
30036;2019;3421;38;48
30037;2019;2835;16;85
30047;2019;6272;52;56
30060;2019;4150;43;29
30061;2019;2363;23;19
30062;2019;5898;49;49
30073;2019;1672;9;13
30075;2019;4308;45;31
30082;2019;4209;38;26
30083;2019;2418;22;13
30106;2019;728;6;8
30123;2019;3632;38;16
30125;2019;4940;69;44
30126;2019;731;5;3
30128;2019;4071;29;37
30132;2019;4998;51;77
30133;2019;8419;55;129
30140;2019;1106;4;24
30141;2019;6331;67;44
30156;2019;8656;79;63
30166;2019;2503;26;25
30169;2019;5721;50;78
30171;2019;1219;8;22
30174;2019;1403;10;7
30179;2019;3163;29;36
30189;2019;148561;1862;1500
30202;2019;10369;98;131
30203;2019;334;2;3
30206;2019;4131;41;39
30210;2019;3299;22;30
30212;2019;2259;25;17
30217;2019;7629;73;35
30221;2019;5545;57;63
30231;2019;364;2;5
30249;2019;1070;13;4
30253;2019;1169;8;13
30255;2019;3052;37;21
30258;2019;13931;149;108
30260;2019;1080;14;6
30263;2019;3804;31;64
30276;2019;3536;35;35
30288;2019;1262;25;7
30290;2019;1830;21;13
30309;2019;337;3;6
30311;2019;1903;12;26
30315;2019;2119;16;13
30317;2019;1765;15;17
30321;2019;5050;61;50
30325;2019;1388;11;28
30334;2019;8387;50;126
30341;2019;11492;132;113
30350;2019;3772;21;70
30351;2019;12216;100;149
30356;2019;2851;22;18
31022;2019;8968;104;48
31032;2019;7209;71;26
31035;2019;4088;27;26
31044;2019;16625;160;107
31048;2019;3395;39;43
31056;2019;6973;82;60
31066;2019;4127;46;83
31069;2019;25525;279;172
31113;2019;14213;139;84
31116;2019;10682;130;81
31149;2019;39968;431;248
31157;2019;19344;260;100
31163;2019;2649;22;18
31169;2019;6967;67;64
31182;2019;5307;66;38
31184;2019;2056;20;24
31186;2019;3011;37;16
31202;2019;6271;52;53
31203;2019;9292;88;78
31205;2019;3130;33;7
31232;2019;8844;83;89
31254;2019;4008;28;36
31259;2019;2081;21;13
31271;2019;2155;24;13
31282;2019;9050;100;34
31351;2019;5166;82;29
31358;2019;3576;22;23
31396;2019;3928;46;76
31429;2019;2307;14;8
31446;2019;14600;138;107
31451;2019;9637;75;130
31462;2019;1931;12;14
31488;2019;11017;104;72
31506;2019;12696;88;97
31526;2019;8474;111;32
31555;2019;493465;6957;2922
31557;2019;28117;257;143
31561;2019;11798;89;128
31582;2019;4806;52;58
31584;2019;6034;53;57
32013;2019;22173;187;268
32096;2019;1654;9;37
32107;2019;6493;58;111
32147;2019;3016;35;54
32160;2019;9072;95;84
33003;2019;16636;209;124
33005;2019;12242;56;164
33009;2019;11630;42;258
33011;2019;6381;38;132
33013;2019;8656;98;32
33019;2019;8680;84;86
33029;2019;5605;44;17
33030;2019;2074;22;20
33032;2019;7472;93;78
33036;2019;4801;27;61
33039;2019;30642;414;247
33051;2019;10990;110;114
33056;2019;15419;160;91
33058;2019;4838;48;102
33063;2019;260958;3334;1812
33069;2019;23890;241;232
33075;2019;19403;251;89
33080;2019;6464;71;40
33081;2019;2836;16;29
33090;2019;6061;44;35
33096;2019;8254;87;98
33097;2019;2418;16;16
33099;2019;4141;28;36
33104;2019;4804;54;58
33108;2019;3194;49;53
33109;2019;2391;34;17
33119;2019;25496;384;191
33122;2019;17053;86;131
33138;2019;8602;78;109
33140;2019;4832;45;49
33162;2019;24488;308;167
33165;2019;3203;40;42
33167;2019;18181;217;128
33185;2019;1987;21;6
33192;2019;25694;214;218
33195;2019;1197;8;34
33199;2019;21887;152;231
33200;2019;11539;134;71
33201;2019;833;13;2
33203;2019;3813;20;42
33213;2019;4420;34;28
33214;2019;5070;44;46
33226;2019;2154;19;15
33227;2019;7357;84;128
33229;2019;7285;61;95
33234;2019;3523;35;40
33236;2019;8352;58;119
33238;2019;10571;83;77
33240;2019;5808;62;78
33241;2019;571;4;3
33243;2019;24257;249;258
33249;2019;23181;427;169
33256;2019;5131;47;24
33268;2019;2876;35;25
33273;2019;7624;65;54
33281;2019;72197;816;559
33284;2019;10781;133;48
33293;2019;3364;38;16
33297;2019;1877;22;7
33311;2019;1204;10;3
33312;2019;9136;112;73
33318;2019;65245;585;475
33324;2019;4438;41;59
33337;2019;2154;20;14
33352;2019;4355;55;58
33366;2019;12372;149;137
33376;2019;7495;45;57
33381;2019;3399;45;22
33389;2019;3021;25;48
33397;2019;4832;40;33
33402;2019;2627;42;101
33415;2019;1905;24;14
33422;2019;8980;86;47
33424;2019;4860;42;54
33433;2019;9909;107;67
33434;2019;2161;24;12
33435;2019;2078;20;36
33449;2019;31808;253;244
33466;2019;2559;39;9
33473;2019;3250;31;51
33478;2019;3141;23;54
33483;2019;4762;54;35
33490;2019;1791;9;34
33492;2019;2427;32;21
33498;2019;7411;70;42
33506;2019;1853;19;27
33514;2019;2825;10;78
33519;2019;10141;100;56
33522;2019;43820;471;298
33527;2019;8500;73;88
33529;2019;26168;191;345
33533;2019;2752;32;20
33534;2019;802;4;6
33535;2019;4895;59;25
33539;2019;4123;52;46
33544;2019;1326;4;24
33545;2019;1314;13;31
33550;2019;36754;443;300
33554;2019;2838;31;45
33555;2019;4992;46;32
34003;2019;29600;251;395
34014;2019;1488;5;12
34022;2019;7654;99;62
34023;2019;6991;51;63
34024;2019;2648;22;36
34027;2019;2144;25;16
34028;2019;5743;50;104
34032;2019;78308;1081;978
34037;2019;3367;29;63
34039;2019;1643;11;9
34057;2019;22534;283;163
34058;2019;6294;72;48
34063;2019;2538;18;51
34067;2019;1536;17;18
34075;2019;413;0;1
34079;2019;9029;81;129
34090;2019;9310;98;70
34108;2019;23028;202;210
34111;2019;4098;42;92
34113;2019;6507;62;47
34114;2019;6480;67;43
34116;2019;8798;115;49
34120;2019;6808;78;52
34123;2019;11344;202;70
34126;2019;2500;6;45
34128;2019;1625;12;9
34129;2019;17453;167;142
34142;2019;7477;67;134
34143;2019;2191;23;22
34145;2019;26385;319;266
34150;2019;7734;58;113
34151;2019;6407;65;83
34152;2019;672;7;0
34154;2019;16705;133;165
34157;2019;12307;84;143
34161;2019;3960;34;43
34163;2019;4052;56;21
34165;2019;2934;22;19
34172;2019;295542;3694;1765
34173;2019;1360;9;10
34180;2019;1437;21;10
34192;2019;5844;47;76
34198;2019;9016;76;89
34199;2019;8002;63;115
34204;2019;1373;30;19
34207;2019;2196;15;24
34209;2019;3104;25;36
34213;2019;5993;74;64
34215;2019;959;3;6
34217;2019;5908;80;31
34225;2019;3037;24;47
34239;2019;6198;82;56
34240;2019;3786;39;17
34244;2019;3209;40;17
34246;2019;2107;15;19
34247;2019;5016;33;38
34249;2019;2735;35;13
34254;2019;1163;8;8
34255;2019;10197;84;77
34270;2019;11086;140;78
34282;2019;1248;18;2
34288;2019;976;9;4
34299;2019;7504;54;103
34301;2019;43858;394;570
34307;2019;2802;18;25
34324;2019;4206;18;57
34327;2019;6423;72;51
34329;2019;2723;23;44
34332;2019;5717;47;83
34333;2019;3373;32;30
34337;2019;10344;88;67
34344;2019;8696;42;159
35001;2019;6834;65;35
35012;2019;7314;68;65
35023;2019;4417;50;23
35024;2019;12265;132;58
35032;2019;4515;73;10
35033;2019;3295;40;17
35037;2019;6404;77;31
35040;2019;3655;32;27
35047;2019;18905;169;114
35049;2019;5226;33;78
35051;2019;17082;129;119
35055;2019;10278;112;113
35057;2019;1496;26;8
35059;2019;4682;57;16
35066;2019;8157;95;53
35068;2019;7336;100;40
35069;2019;10283;115;54
35076;2019;4268;40;26
35093;2019;10181;43;173
35095;2019;5738;50;95
35096;2019;2383;40;8
35122;2019;1943;24;11
35123;2019;4321;42;36
35125;2019;4249;38;75
35126;2019;8674;101;55
35130;2019;2247;24;26
35131;2019;4629;55;31
35135;2019;2263;25;7
35136;2019;8470;73;76
35152;2019;7949;74;60
35173;2019;6958;82;54
35177;2019;4971;70;11
35179;2019;4148;56;19
35184;2019;6086;77;59
35188;2019;6726;46;83
35195;2019;2390;33;27
35196;2019;7338;69;48
35204;2019;3281;46;18
35206;2019;7003;85;46
35208;2019;5152;86;19
35210;2019;11860;103;92
35216;2019;1780;31;6
35226;2019;1927;22;22
35228;2019;6982;62;80
35231;2019;1195;9;5
35236;2019;9287;70;126
35238;2019;220488;2666;1531
35239;2019;4438;32;49
35240;2019;8932;101;45
35241;2019;2403;18;25
35247;2019;998;8;12
35250;2019;2206;31;6
35251;2019;3916;63;28
35256;2019;2193;7;50
35265;2019;2562;22;33
35278;2019;9890;80;62
35281;2019;13948;217;64
35284;2019;2683;19;22
35287;2019;2460;19;34
35288;2019;46803;364;679
35297;2019;4599;37;76
35299;2019;4327;36;30
35326;2019;2566;17;45
35334;2019;8575;92;40
35347;2019;2580;26;22
35352;2019;8169;70;59
35353;2019;6114;70;54
35360;2019;18487;178;199
35362;2019;1177;12;17
35363;2019;4413;32;18
36044;2019;43122;509;515
36046;2019;4054;36;91
37003;2019;12533;105;130
37018;2019;8102;53;83
37031;2019;3894;20;74
37050;2019;11880;94;117
37109;2019;10301;89;100
37115;2019;3366;23;45
37122;2019;38444;433;378
37132;2019;6199;52;107
37151;2019;3300;32;31
37156;2019;10868;127;144
37172;2019;4234;37;31
37195;2019;10317;123;99
37196;2019;1664;6;33
37203;2019;3145;26;28
37208;2019;14995;102;149
37214;2019;16419;108;176
37233;2019;15967;216;129
37261;2019;137087;1612;1149
38002;2019;1044;9;4
38006;2019;4023;47;37
38011;2019;1077;14;6
38020;2019;183;1;1
38030;2019;1740;12;8
38040;2019;141;0;0
38045;2019;2331;5;13
38052;2019;3286;28;45
38053;2019;28834;390;277
38059;2019;2545;16;21
38061;2019;3235;41;10
38100;2019;2528;17;9
38111;2019;7924;62;40
38126;2019;4075;26;47
38128;2019;450;3;14
38129;2019;360;3;3
38140;2019;8293;67;47
38150;2019;6677;73;67
38151;2019;36932;514;319
38158;2019;9980;108;68
38163;2019;387;3;5
38169;2019;23211;311;206
38170;2019;3172;42;46
38175;2019;3392;30;35
38179;2019;7134;83;22
38181;2019;2476;21;7
38185;2019;158198;2057;1117
38186;2019;377;0;5
38187;2019;1796;12;16
38191;2019;1306;12;5
38193;2019;16584;293;63
38194;2019;2137;20;12
38205;2019;2676;27;15
38225;2019;3039;26;25
38229;2019;17786;170;157
38239;2019;7499;78;77
38249;2019;5477;48;50
38253;2019;1929;23;12
38279;2019;1131;5;11
38309;2019;2127;20;19
38314;2019;7348;89;55
38316;2019;5980;98;34
38317;2019;10716;132;89
38337;2019;6668;77;67
38347;2019;1132;9;37
38377;2019;3456;32;21
38382;2019;15944;182;122
38383;2019;2595;20;14
38384;2019;3206;40;45
38387;2019;506;4;7
38397;2019;7064;62;66
38400;2019;3564;38;14
38408;2019;2656;24;8
38416;2019;7766;64;84
38421;2019;37935;402;213
38422;2019;5512;50;40
38423;2019;5880;90;61
38431;2019;2960;25;19
38439;2019;3372;27;16
38442;2019;962;8;5
38474;2019;11062;98;83
38485;2019;11891;120;81
38501;2019;2128;51;9
38503;2019;2510;25;29
38516;2019;6602;69;51
38517;2019;7816;75;90
38527;2019;342;2;4
38528;2019;1321;13;7
38537;2019;7293;106;54
38538;2019;4933;52;36
38547;2019;7249;86;53
38548;2019;4234;21;36
38553;2019;18835;259;68
38559;2019;4352;42;50
38562;2019;7246;89;95
38563;2019;20372;204;214
38565;2019;9275;79;78
38567;2019;407;4;1
39013;2019;3295;23;54
39047;2019;527;2;2
39059;2019;1642;12;18
39097;2019;8014;64;106
39154;2019;1435;12;25
39198;2019;23711;220;249
39286;2019;2352;27;23
39300;2019;17189;173;248
39333;2019;2120;12;22
39362;2019;3082;34;32
39368;2019;5275;61;38
39392;2019;194;2;1
39411;2019;1515;20;28
39434;2019;4003;26;70
39441;2019;1200;15;2
39453;2019;453;2;1
39470;2019;3648;46;14
39478;2019;8985;85;111
39500;2019;2551;13;93
39501;2019;1200;5;3
39510;2019;800;7;7
39526;2019;3957;30;51
40001;2019;6189;53;90
40004;2019;2129;24;13
40019;2019;1068;11;9
40036;2019;3683;42;20
40043;2019;763;4;3
40046;2019;13947;89;146
40065;2019;9037;71;140
40088;2019;20843;203;362
40119;2019;4651;29;57
40133;2019;6887;76;58
40150;2019;1918;12;17
40157;2019;1657;9;34
40184;2019;7255;59;125
40187;2019;1185;6;10
40192;2019;29807;262;322
40195;2019;620;6;7
40209;2019;5520;41;34
40211;2019;742;13;5
40217;2019;6684;55;83
40224;2019;3648;35;69
40235;2019;691;4;5
40243;2019;3023;33;46
40261;2019;2752;32;22
40266;2019;1683;17;16
40272;2019;1625;21;11
40273;2019;5776;72;58
40279;2019;13381;99;146
40281;2019;9689;84;83
40282;2019;4890;37;74
40283;2019;3307;25;51
40284;2019;7734;58;68
40287;2019;4431;37;29
40296;2019;3876;47;39
40304;2019;3480;21;69
40310;2019;8235;53;110
40312;2019;12634;97;111
40313;2019;3225;20;45
40317;2019;3219;43;16
40326;2019;1420;4;24
40328;2019;1614;13;20
41018;2019;45898;630;473
41047;2019;4524;37;72
41128;2019;715;10;2
41151;2019;3719;22;61
41194;2019;17924;160;219
41269;2019;15856;145;199
41276;2019;2463;15;16
41295;2019;8091;67;105
42005;2019;9963;122;85
42011;2019;2840;27;47
42019;2019;3120;27;76
42026;2019;1719;11;26
42039;2019;454;2;6
42044;2019;11948;174;160
42052;2019;3695;25;68
42056;2019;2897;36;24
42059;2019;5423;54;58
42071;2019;6880;50;146
42092;2019;2643;21;21
42093;2019;1379;10;7
42094;2019;8302;67;106
42095;2019;16901;215;212
42097;2019;4666;63;54
42099;2019;3733;34;29
42103;2019;5172;62;69
42110;2019;4746;66;47
42123;2019;4716;49;37
42127;2019;7653;59;95
42147;2019;15915;156;171
42149;2019;5342;44;54
42156;2019;1372;6;22
42168;2019;3738;37;61
42170;2019;2110;17;31
42180;2019;1035;5;4
42183;2019;7872;111;65
42184;2019;10848;103;103
42186;2019;14978;233;142
42187;2019;33809;388;427
42189;2019;9884;76;92
42204;2019;1510;15;34
42207;2019;34841;424;377
42218;2019;173821;2258;1827
42222;2019;5826;49;91
42223;2019;6123;67;65
42225;2019;3894;36;13
42232;2019;637;5;1
42237;2019;6615;63;51
42242;2019;1928;15;9
42248;2019;1130;6;46
42256;2019;5001;49;34
42270;2019;1357;14;20
42271;2019;4817;53;45
42275;2019;6106;56;71
42279;2019;15229;164;209
42285;2019;4090;36;23
42299;2019;3430;33;36
42301;2019;689;10;2
42302;2019;7874;79;41
42305;2019;6977;68;109
42316;2019;8418;85;53
42323;2019;8973;79;61
42330;2019;7942;82;66
42332;2019;5030;46;39
43007;2019;602;5;8
43012;2019;6142;48;60
43025;2019;2969;17;31
43040;2019;6609;59;99
43041;2019;4185;37;44
43051;2019;2431;16;43
43089;2019;3497;33;33
43112;2019;3489;19;87
43153;2019;1902;17;10
43157;2019;19215;174;233
43177;2019;3451;30;48
43205;2019;4225;36;36
43213;2019;2293;27;16
43224;2019;5989;61;62
43236;2019;1480;21;7
43262;2019;1167;14;11
43268;2019;7278;58;93
44002;2019;4014;58;28
44003;2019;11037;87;95
44009;2019;9136;72;45
44010;2019;2824;17;44
44012;2019;3049;22;53
44013;2019;3183;43;19
44015;2019;9954;107;100
44018;2019;8008;75;37
44020;2019;19903;266;149
44025;2019;3959;36;23
44026;2019;20365;159;166
44032;2019;3357;40;20
44035;2019;19551;193;120
44036;2019;12031;85;139
44043;2019;7435;66;62
44047;2019;22309;237;161
44049;2019;4118;21;91
44052;2019;8152;108;75
44055;2019;16255;89;296
44066;2019;6439;93;23
44067;2019;5233;41;76
44069;2019;16112;137;182
44070;2019;4691;54;23
44074;2019;4040;38;21
44082;2019;5302;44;45
44084;2019;8397;88;65
44087;2019;7581;56;93
44088;2019;3007;35;10
44097;2019;2039;13;28
44098;2019;5398;54;65
44101;2019;6290;71;57
44103;2019;7180;72;75
44107;2019;1911;24;3
44109;2019;318808;4411;2155
44110;2019;9082;100;63
44114;2019;27209;292;215
44116;2019;3023;22;52
44120;2019;5200;59;53
44125;2019;2220;8;48
44126;2019;4379;37;77
44130;2019;6470;91;48
44131;2019;15859;116;229
44132;2019;11141;65;139
44135;2019;4015;18;120
44136;2019;1237;10;23
44143;2019;42919;548;371
44144;2019;2358;21;46
44151;2019;6744;53;44
44154;2019;14287;83;191
44158;2019;7515;102;60
44162;2019;47415;771;312
44169;2019;7392;100;69
44172;2019;15319;165;111
44176;2019;3193;30;23
44182;2019;5233;37;46
44183;2019;2716;38;13
44184;2019;71394;782;785
44185;2019;3245;35;31
44186;2019;6980;81;48
44187;2019;4576;43;31
44188;2019;9076;90;65
44189;2019;2397;23;29
44190;2019;27493;281;237
44194;2019;8478;65;75
44195;2019;9064;105;92
44198;2019;8765;88;52
44201;2019;7221;74;42
44203;2019;2028;29;9
44204;2019;10482;99;82
44209;2019;9617;127;48
44210;2019;7983;98;92
44211;2019;4734;16;65
44213;2019;7480;84;73
44215;2019;25541;270;206
44217;2019;6175;81;45
45004;2019;13233;129;166
45006;2019;1092;22;7
45028;2019;7339;79;93
45030;2019;2021;11;56
45046;2019;1053;11;3
45053;2019;5213;44;78
45061;2019;2419;17;24
45068;2019;12688;189;119
45072;2019;1574;19;4
45075;2019;10180;121;124
45082;2019;8212;117;87
45089;2019;8652;80;76
45146;2019;7404;64;73
45147;2019;21010;328;167
45155;2019;13566;147;189
45169;2019;9482;93;56
45173;2019;4676;54;41
45179;2019;3103;35;33
45191;2019;8073;86;65
45203;2019;6540;64;92
45208;2019;14976;240;222
45224;2019;4947;46;48
45232;2019;22386;224;182
45234;2019;116269;1686;781
45248;2019;2244;27;40
45252;2019;9023;109;114
45258;2019;3424;31;42
45274;2019;7589;45;75
45281;2019;953;8;8
45282;2019;3071;38;13
45284;2019;21288;318;126
45285;2019;16411;241;121
45286;2019;9070;140;87
45298;2019;6076;72;52
45300;2019;4114;44;15
45302;2019;16357;185;145
45308;2019;3224;32;16
45315;2019;5213;60;86
46042;2019;19937;187;317
47001;2019;32602;391;376
47004;2019;4421;45;64
47031;2019;5631;54;43
47052;2019;4518;31;81
47055;2019;516;1;5
47069;2019;3113;41;43
47106;2019;4755;35;77
47128;2019;1116;13;8
47145;2019;3686;36;40
47157;2019;17421;129;238
47175;2019;2329;19;49
47195;2019;6837;54;107
47201;2019;9400;90;94
47310;2019;9130;80;119
47323;2019;21742;247;302
47324;2019;1283;5;37
48009;2019;2291;11;33
48027;2019;1039;5;24
48080;2019;2887;18;52
48092;2019;4684;43;84
48095;2019;12318;111;120
48096;2019;807;6;20
48198;2019;548;4;10
49007;2019;155850;1864;1216
49015;2019;14443;143;126
49023;2019;23419;227;215
49035;2019;6774;49;82
49050;2019;10851;122;67
49090;2019;974;15;3
49092;2019;20828;235;225
49099;2019;54037;522;469
49140;2019;1528;10;25
49194;2019;5925;54;41
49214;2019;7632;68;40
49223;2019;5660;43;48
49246;2019;12819;126;96
49267;2019;9210;73;80
49278;2019;3456;27;33
49283;2019;3665;33;45
49323;2019;7520;73;49
49328;2019;26467;253;362
49331;2019;17462;139;180
49343;2019;3189;19;33
49347;2019;4432;43;55
49353;2019;14961;197;100
49355;2019;3088;30;39
49377;2019;5651;59;38
50002;2019;4153;32;51
50003;2019;2796;15;50
50025;2019;10264;98;141
50031;2019;2239;8;51
50033;2019;141;2;1
50066;2019;2367;17;32
50074;2019;2139;12;48
50099;2019;10052;92;150
50129;2019;78549;781;876
50147;2019;8408;45;141
50165;2019;3109;14;47
50197;2019;1956;9;28
50215;2019;3229;16;40
50218;2019;12513;72;234
50236;2019;3971;26;49
50267;2019;2236;18;39
50356;2019;804;10;8
50391;2019;2643;13;30
50394;2019;2256;14;72
50403;2019;1432;12;21
50410;2019;4318;32;95
50412;2019;2556;20;29
50481;2019;900;7;11
50484;2019;5850;32;98
50502;2019;19050;156;231
50562;2019;1712;10;43
50615;2019;6822;63;131
51028;2019;1031;9;33
51029;2019;1754;17;28
51030;2019;5309;54;80
51055;2019;7069;48;53
51058;2019;2978;44;29
51065;2019;632;9;2
51108;2019;44379;486;393
51152;2019;540;4;3
51172;2019;6458;43;69
51196;2019;880;11;5
51210;2019;1496;10;14
51217;2019;2918;28;45
51230;2019;22433;241;276
51250;2019;5589;45;69
51262;2019;1816;14;10
51346;2019;1157;14;10
51454;2019;181194;2365;1470
51474;2019;3417;25;24
51506;2019;5474;63;56
51507;2019;4165;30;77
51536;2019;1796;11;14
51573;2019;10294;95;68
51643;2019;549;2;1
51649;2019;11376;115;158
51662;2019;4971;36;34
51663;2019;1697;17;15
52121;2019;21847;160;212
52269;2019;7668;76;110
52353;2019;3591;21;69
53054;2019;6209;59;43
53062;2019;16950;137;194
53073;2019;887;9;7
53130;2019;49733;611;476
53147;2019;12823;111;132
53216;2019;993;8;8
54028;2019;2617;37;30
54076;2019;3973;30;40
54090;2019;4159;38;51
54099;2019;8069;90;83
54115;2019;6671;62;60
54137;2019;507;4;5
54138;2019;2741;18;19
54150;2019;3082;30;19
54152;2019;3155;33;26
54162;2019;1164;6;12
54167;2019;1951;17;7
54174;2019;4428;43;25
54184;2019;8833;109;101
54205;2019;2629;28;33
54215;2019;6584;53;57
54234;2019;2877;17;14
54252;2019;506;6;17
54253;2019;773;3;6
54254;2019;3394;42;19
54257;2019;5403;32;33
54261;2019;4409;46;26
54263;2019;6267;88;76
54270;2019;3693;22;30
54273;2019;8219;78;105
54274;2019;9354;105;98
54280;2019;6570;59;94
54300;2019;6553;65;58
54304;2019;14366;156;142
54321;2019;2365;15;17
54322;2019;5218;46;64
54323;2019;14774;139;140
54329;2019;17867;168;223
54339;2019;8191;90;78
54357;2019;9818;116;102
54364;2019;1289;10;3
54382;2019;8994;100;90
54383;2019;1117;13;6
54395;2019;105058;1035;780
54426;2019;480;7;1
54431;2019;14497;138;144
54432;2019;1844;17;15
54439;2019;5077;58;38
54451;2019;3809;41;23
54459;2019;2329;12;19
54482;2019;10019;104;116
54483;2019;7417;70;95
54493;2019;2415;10;11
54518;2019;1110;4;34
54521;2019;1950;14;21
54526;2019;8856;107;50
54528;2019;15633;187;160
54533;2019;2605;27;22
54536;2019;2438;17;20
54542;2019;2322;17;21
54547;2019;29942;311;214
54549;2019;3594;32;40
54550;2019;322;3;4
54578;2019;14525;113;138
54580;2019;10003;52;106
54584;2019;1032;9;5
55043;2019;3040;36;16
55545;2019;16942;157;221
56003;2019;5392;24;58
56005;2019;2198;7;35
56007;2019;14141;121;218
56010;2019;6234;49;81
56013;2019;3760;20;85
56023;2019;6660;44;54
56034;2019;4236;20;48
56040;2019;3298;26;26
56054;2019;3853;31;35
56055;2019;2054;7;42
56062;2019;680;6;11
56063;2019;2637;18;10
56078;2019;11767;100;102
56083;2019;16062;165;203
56090;2019;6548;56;60
56094;2019;6786;71;30
56098;2019;23124;222;228
56101;2019;8064;79;65
56107;2019;8319;59;114
56110;2019;846;6;19
56114;2019;931;4;6
56118;2019;4039;22;59
56121;2019;57246;674;582
56124;2019;2470;9;59
56152;2019;2544;19;46
56161;2019;2988;28;25
56162;2019;17778;87;264
56164;2019;6635;57;28
56165;2019;9791;78;138
56168;2019;2214;20;20
56169;2019;5386;32;53
56176;2019;5905;63;38
56177;2019;7676;70;84
56178;2019;15064;151;180
56181;2019;2654;13;53
56186;2019;4658;19;103
56193;2019;5821;40;82
56206;2019;11895;117;99
56233;2019;1495;8;32
56234;2019;2056;12;37
56241;2019;996;5;9
56258;2019;1622;4;40
56260;2019;53719;481;644
56262;2019;2533;18;23
56263;2019;2770;31;51
58088;2019;3724;32;42
58095;2019;5233;33;102
58117;2019;4125;39;69
58134;2019;3202;21;69
58194;2019;33005;309;406
58238;2019;2221;30;8
58303;2019;9201;61;138
59005;2019;3456;39;19
59009;2019;61957;758;362
59014;2019;13329;195;124
59017;2019;24909;376;194
59034;2019;2641;28;13
59043;2019;15163;152;142
59071;2019;2263;22;13
59090;2019;9808;85;111
59122;2019;32176;314;415
59139;2019;14121;162;208
59163;2019;20881;278;156
59168;2019;4849;54;44
59172;2019;19877;320;201
59173;2019;1818;15;11
59178;2019;39613;496;375
59196;2019;1304;10;10
59220;2019;18191;242;145
59222;2019;2213;30;20
59250;2019;2231;19;21
59271;2019;22522;298;153
59278;2019;4676;63;21
59279;2019;20743;255;134
59284;2019;3918;38;43
59286;2019;14725;213;189
59295;2019;21408;204;238
59299;2019;18636;209;151
59328;2019;27400;329;211
59329;2019;5007;36;75
59332;2019;1819;26;27
59343;2019;9012;112;38
59350;2019;234475;3134;1423
59352;2019;8275;69;94
59360;2019;22866;349;165
59367;2019;13643;181;84
59368;2019;21856;326;178
59378;2019;38486;473;349
59383;2019;12083;160;130
59386;2019;10798;146;95
59392;2019;29589;379;295
59410;2019;21277;319;155
59421;2019;13121;132;122
59426;2019;10264;76;76
59456;2019;6088;67;61
59457;2019;8542;79;75
59462;2019;4820;44;40
59466;2019;2911;34;11
59482;2019;6931;75;50
59491;2019;12324;139;112
59507;2019;19294;307;151
59508;2019;13482;114;121
59512;2019;98828;1802;688
59526;2019;15870;167;188
59527;2019;13151;173;95
59560;2019;12463;149;127
59566;2019;4775;42;19
59569;2019;15428;232;150
59574;2019;11934;143;130
59586;2019;6332;68;57
59599;2019;98656;1542;674
59603;2019;6292;88;74
59606;2019;43229;516;395
59636;2019;10608;136;77
59646;2019;20860;265;242
59648;2019;15075;246;115
59650;2019;40898;530;308
59653;2019;7771;81;49
59660;2019;3048;27;22
60012;2019;3286;37;23
60025;2019;1881;15;53
60033;2019;888;4;7
60057;2019;57071;787;545
60067;2019;1005;4;8
60068;2019;3108;43;28
60086;2019;2142;25;12
60088;2019;4764;49;35
60119;2019;1943;15;8
60139;2019;10147;110;78
60141;2019;10950;133;124
60142;2019;3140;39;11
60143;2019;3340;23;59
60155;2019;3996;44;31
60156;2019;2224;12;19
60157;2019;10163;133;188
60159;2019;40615;486;370
60172;2019;3976;40;20
60173;2019;810;9;4
60175;2019;36169;687;199
60176;2019;14788;129;162
60178;2019;3503;38;32
60197;2019;889;7;2
60234;2019;2575;23;18
60238;2019;1886;28;14
60277;2019;1544;13;9
60282;2019;8978;55;68
60325;2019;2300;21;12
60330;2019;1347;12;27
60337;2019;732;8;3
60338;2019;4891;55;24
60342;2019;4721;67;18
60346;2019;8784;84;61
60358;2019;1008;5;3
60360;2019;7010;75;85
60367;2019;333;4;4
60382;2019;8676;106;72
60395;2019;14452;201;126
60398;2019;2207;30;18
60402;2019;2327;14;11
60414;2019;13645;214;80
60432;2019;868;8;5
60439;2019;5237;75;54
60446;2019;4201;63;34
60450;2019;3970;49;21
60462;2019;2829;32;24
60463;2019;20780;366;133
60471;2019;13190;177;154
60482;2019;3351;35;22
60489;2019;1174;16;0
60494;2019;1882;16;25
60500;2019;3833;45;18
60509;2019;12602;160;85
60513;2019;3220;29;44
60524;2019;2541;29;16
60537;2019;3705;35;35
60559;2019;829;15;6
60575;2019;3344;52;16
60578;2019;1080;16;5
60584;2019;4678;46;32
60589;2019;2847;41;19
60601;2019;1041;14;11
60612;2019;14760;152;107
60635;2019;1075;11;6
60636;2019;4484;34;50
60644;2019;1935;14;35
60652;2019;929;7;7
60665;2019;2884;40;14
60666;2019;1135;16;9
60667;2019;3813;60;38
60670;2019;4707;41;24
60684;2019;6434;95;40
60695;2019;1402;7;10
61001;2019;25870;247;320
61169;2019;14762;140;191
61483;2019;2732;18;52
62004;2019;7957;93;84
62014;2019;9691;109;123
62019;2019;3923;30;50
62037;2019;2751;24;24
62040;2019;9584;95;117
62041;2019;41694;522;372
62065;2019;17625;223;168
62099;2019;5552;62;42
62108;2019;13482;127;210
62119;2019;25039;248;250
62126;2019;9219;92;126
62128;2019;4305;63;37
62139;2019;4944;60;39
62160;2019;40251;473;392
62193;2019;72509;862;693
62215;2019;17557;224;165
62261;2019;5059;34;70
62270;2019;6963;91;73
62291;2019;2840;30;29
62413;2019;12237;135;132
62427;2019;25992;348;253
62445;2019;823;4;9
62473;2019;8717;82;112
62498;2019;31461;413;348
62525;2019;10563;97;98
62528;2019;6879;70;63
62560;2019;5083;49;68
62571;2019;3401;32;45
62587;2019;10180;138;93
62604;2019;3745;30;43
62609;2019;1571;19;13
62744;2019;3562;29;25
62758;2019;11136;112;110
62764;2019;4687;54;48
62765;2019;14903;191;154
62785;2019;895;7;13
62826;2019;4227;15;98
62893;2019;6343;42;77
62895;2019;8756;89;74
62899;2019;854;4;18
63038;2019;1497;7;25
63098;2019;223;2;4
63103;2019;6239;48;69
63178;2019;15296;135;157
63241;2019;326;4;2
63285;2019;762;8;13
63300;2019;19004;181;169
63380;2019;762;7;19
63430;2019;11784;105;133
64024;2019;39719;309;430
64040;2019;1074;7;13
64100;2019;3231;34;29
64102;2019;51894;520;465
64122;2019;25787;155;395
64129;2019;12793;170;165
64132;2019;4563;36;48
64189;2019;6211;44;81
64198;2019;1766;19;5
64204;2019;193;0;3
64237;2019;3652;32;39
64256;2019;7498;70;49
64260;2019;16967;114;151
64269;2019;4903;37;20
64284;2019;7102;51;111
64304;2019;2506;28;17
64320;2019;1185;12;20
64335;2019;9665;75;69
64339;2019;825;3;16
64348;2019;13707;139;113
64371;2019;2947;21;59
64374;2019;1139;18;12
64385;2019;275;2;2
64405;2019;4356;37;31
64409;2019;831;3;6
64410;2019;6122;45;88
64416;2019;1052;7;26
64417;2019;3265;26;71
64422;2019;10594;79;171
64430;2019;10369;76;134
64445;2019;75627;753;835
64463;2019;663;7;4
64467;2019;849;7;12
64483;2019;14196;77;182
64493;2019;1841;11;47
64511;2019;3411;40;17
64519;2019;4348;32;25
64522;2019;530;3;15
64538;2019;803;5;12
64547;2019;6918;91;74
65002;2019;826;7;9
65017;2019;249;3;0
65025;2019;2911;12;53
65031;2019;792;7;6
65059;2019;7085;49;146
65123;2019;1313;7;17
65127;2019;1264;14;17
65138;2019;878;10;7
65168;2019;406;4;6
65199;2019;36;0;0
65286;2019;13132;110;232
65295;2019;939;4;22
65384;2019;173;0;0
65388;2019;844;5;3
65417;2019;5085;50;45
65440;2019;42758;482;525
65465;2019;325;1;2
65481;2019;159;3;3
66002;2019;3645;39;40
66003;2019;3542;19;67
66004;2019;553;0;3
66008;2019;10260;62;193
66017;2019;5771;26;74
66020;2019;818;10;6
66024;2019;5278;30;68
66037;2019;12284;73;191
66049;2019;7857;47;129
66059;2019;2327;21;18
66065;2019;9248;84;119
66082;2019;505;4;3
66124;2019;1840;12;11
66136;2019;119344;1557;1348
66154;2019;63;0;0
66164;2019;8888;81;80
66171;2019;11040;60;184
66182;2019;4821;23;62
66187;2019;1790;12;44
66212;2019;3839;22;21
66213;2019;7192;74;56
69003;2019;2947;19;80
69004;2019;768;4;20
69006;2019;4919;41;67
69007;2019;2749;30;33
69009;2019;7538;95;73
69010;2019;6410;88;59
69013;2019;3897;42;48
69019;2019;13314;194;151
69024;2019;4122;32;39
69027;2019;12097;138;81
69028;2019;6478;73;29
69029;2019;42244;605;249
69031;2019;1379;21;8
69032;2019;1988;19;40
69033;2019;2883;35;10
69034;2019;43294;480;382
69036;2019;1138;11;4
69040;2019;5748;58;46
69043;2019;8846;69;63
69044;2019;5170;37;39
69045;2019;1248;15;5
69046;2019;4563;42;23
69049;2019;2791;20;55
69056;2019;2107;21;4
69063;2019;4315;46;26
69064;2019;3957;31;63
69067;2019;1168;13;10
69068;2019;2454;21;31
69069;2019;11248;110;69
69071;2019;1179;9;6
69072;2019;8752;96;42
69076;2019;2595;18;13
69078;2019;837;6;6
69080;2019;1901;21;19
69081;2019;18948;176;144
69085;2019;1492;16;5
69086;2019;2290;12;5
69088;2019;7066;119;38
69089;2019;14906;191;139
69091;2019;20285;304;194
69092;2019;7496;80;32
69094;2019;6062;57;62
69096;2019;9706;136;66
69100;2019;8750;106;56
69107;2019;1055;10;8
69111;2019;673;8;2
69112;2019;6480;71;37
69115;2019;4871;60;30
69116;2019;3648;38;27
69121;2019;2729;45;22
69122;2019;1916;23;8
69125;2019;876;13;7
69126;2019;768;8;2
69127;2019;3549;23;40
69136;2019;3118;52;14
69141;2019;6144;65;56
69142;2019;6524;87;41
69143;2019;7562;104;103
69149;2019;26553;358;208
69152;2019;10397;184;63
69154;2019;2845;34;38
69163;2019;3495;35;20
69168;2019;1536;12;4
69171;2019;2363;28;13
69173;2019;1016;11;5
69176;2019;4590;44;20
69189;2019;1884;16;28
69191;2019;5747;62;48
69194;2019;7006;59;42
69196;2019;617;6;4
69199;2019;19617;399;145
69200;2019;1472;18;7
69201;2019;1286;9;9
69202;2019;22175;200;216
69204;2019;20914;231;143
69206;2019;4409;50;34
69207;2019;3001;39;15
69208;2019;2262;20;27
69215;2019;879;16;3
69219;2019;2133;19;11
69233;2019;1228;10;5
69235;2019;1967;16;23
69238;2019;3710;34;47
69241;2019;2590;36;32
69243;2019;10490;135;163
69244;2019;22286;277;153
69248;2019;6020;50;92
69249;2019;3053;31;18
69250;2019;4117;37;23
69256;2019;52795;976;248
69259;2019;67285;1341;419
69260;2019;4999;62;61
69264;2019;36291;564;322
69265;2019;802;5;3
69266;2019;152212;2449;909
69268;2019;3367;37;31
69271;2019;10638;110;51
69273;2019;11196;101;77
69275;2019;28930;412;212
69276;2019;9902;176;69
69277;2019;13181;127;104
69278;2019;5509;64;29
69282;2019;34640;448;223
69283;2019;13707;166;66
69284;2019;3230;20;16
69286;2019;30697;457;198
69287;2019;6875;54;77
69288;2019;5458;55;31
69289;2019;4579;35;25
69290;2019;46927;767;306
69291;2019;5789;56;55
69292;2019;6497;107;42
69293;2019;2369;22;19
69294;2019;2772;43;18
69296;2019;2986;33;8
69297;2019;5512;66;29
69298;2019;3188;32;16
69381;2019;29641;380;159
69382;2019;31303;455;191
69383;2019;102725;1454;615
69384;2019;36064;459;292
69385;2019;49664;507;426
69386;2019;52862;618;369
69387;2019;82573;1320;432
69388;2019;86154;1273;591
69389;2019;51983;943;336
70026;2019;2533;13;33
70116;2019;617;5;5
70117;2019;1238;12;11
70207;2019;3249;26;20
70285;2019;10646;106;93
70310;2019;8046;73;96
70311;2019;6623;49;101
70378;2019;1623;10;13
70388;2019;1978;19;13
70428;2019;1455;13;10
70447;2019;2297;31;13
70473;2019;1929;25;16
70550;2019;14914;146;200
70561;2019;1423;8;44
71014;2019;12987;101;238
71040;2019;6060;48;58
71073;2019;5528;58;89
71076;2019;45056;546;420
71106;2019;2888;24;52
71120;2019;3703;25;63
71137;2019;4929;27;67
71153;2019;21269;183;401
71176;2019;7741;64;119
71221;2019;3684;22;28
71263;2019;6433;44;124
71270;2019;33908;452;376
71306;2019;17678;180;278
71310;2019;4964;40;86
71342;2019;9214;69;176
71404;2019;896;14;3
71475;2019;6615;44;111
71479;2019;1758;9;11
71486;2019;8576;66;138
71543;2019;5489;40;115
72003;2019;11167;107;148
72029;2019;1967;15;37
72056;2019;1336;11;16
72071;2019;6038;44;102
72084;2019;1259;14;5
72132;2019;8862;68;148
72154;2019;14858;90;200
72180;2019;5157;44;87
72181;2019;143847;1807;1435
72213;2019;5225;42;50
72223;2019;2624;13;18
72231;2019;5286;71;48
72241;2019;2931;25;34
72260;2019;3503;22;35
72264;2019;12125;123;160
72269;2019;3244;17;88
72299;2019;2439;31;12
73006;2019;4444;35;40
73008;2019;30463;306;385
73010;2019;6315;70;41
73011;2019;19502;230;211
73013;2019;365;3;4
73015;2019;1860;9;10
73023;2019;698;3;4
73024;2019;778;4;6
73029;2019;5022;56;23
73030;2019;3429;44;25
73031;2019;4785;82;30
73054;2019;7195;56;77
73065;2019;58917;766;569
73109;2019;777;4;10
73114;2019;802;8;12
73132;2019;758;4;2
73150;2019;3766;46;19
73157;2019;3075;24;43
73176;2019;709;7;2
73179;2019;12120;93;120
73182;2019;2241;18;6
73206;2019;715;7;6
73213;2019;8530;100;68
73227;2019;2360;20;11
73235;2019;545;2;2
73243;2019;1726;21;11
73249;2019;1866;20;14
73257;2019;3494;54;17
73290;2019;2062;26;9
73296;2019;2020;33;5
73300;2019;2988;26;29
73304;2019;1583;15;5
73306;2019;1066;9;11
73307;2019;566;5;0
73317;2019;705;4;6
73329;2019;1911;18;12
74006;2019;2191;34;10
74007;2019;2739;40;4
74010;2019;130721;1559;1083
74012;2019;36582;666;184
74014;2019;1847;15;8
74016;2019;2609;21;8
74019;2019;3370;53;24
74026;2019;5078;76;18
74040;2019;3181;38;20
74042;2019;12509;168;70
74056;2019;8640;104;83
74069;2019;810;7;6
74080;2019;1709;17;17
74081;2019;16918;213;137
74082;2019;3948;35;34
74083;2019;2104;19;12
74085;2019;1118;16;8
74087;2019;2204;32;3
74088;2019;1195;16;9
74089;2019;984;11;14
74090;2019;1385;20;8
74099;2019;844;5;8
74104;2019;3542;30;27
74108;2019;994;15;2
74112;2019;8196;114;27
74119;2019;9108;123;99
74123;2019;7609;69;70
74133;2019;10071;118;61
74134;2019;1215;13;9
74136;2019;2096;14;12
74137;2019;3900;64;15
74143;2019;3007;37;15
74153;2019;1607;15;9
74160;2019;996;12;6
74164;2019;6372;61;49
74169;2019;5642;77;42
74173;2019;3025;18;44
74176;2019;1884;14;14
74183;2019;2421;24;15
74185;2019;2318;16;22
74189;2019;1667;15;6
74190;2019;676;3;6
74201;2019;2152;28;9
74205;2019;1288;13;7
74208;2019;11233;106;99
74212;2019;1814;18;11
74213;2019;8233;100;47
74215;2019;1241;15;6
74224;2019;11149;149;81
74225;2019;15768;194;145
74236;2019;5604;47;58
74238;2019;1558;14;15
74241;2019;3370;37;13
74243;2019;15873;201;66
74249;2019;2487;26;11
74250;2019;7091;87;43
74256;2019;16831;160;141
74258;2019;2473;21;19
74264;2019;8932;114;46
74266;2019;1057;8;6
74276;2019;3394;30;37
74278;2019;6330;69;45
74280;2019;6598;62;52
74284;2019;1301;16;36
74288;2019;4935;78;18
74290;2019;406;2;6
74294;2019;755;8;5
74298;2019;9003;136;47
74299;2019;2276;18;27
74305;2019;9050;159;49
74309;2019;5415;76;29
74311;2019;4454;47;26
76005;2019;3306;43;15
75101;2019;15917;180;99
75102;2019;21595;275;107
75103;2019;34025;385;156
75104;2019;29131;296;170
75105;2019;58227;468;348
75106;2019;40303;348;302
76026;2019;2573;22;51
75107;2019;48888;482;384
75108;2019;35655;403;228
75109;2019;60026;768;289
75110;2019;86472;1642;470
75111;2019;145208;1841;805
75112;2019;139297;1759;1059
75113;2019;180005;1845;1323
75114;2019;135592;1671;1012
75115;2019;230981;2867;1453
76057;2019;12398;129;119
76095;2019;8264;82;69
76103;2019;6479;53;71
76108;2019;14592;122;180
76114;2019;11610;146;142
76141;2019;1359;11;11
76157;2019;13846;219;122
76164;2019;4148;33;70
76165;2019;9949;121;144
76212;2019;9788;114;120
76216;2019;10654;155;107
76217;2019;28241;266;484
76231;2019;16224;255;146
76254;2019;1237;3;30
76255;2019;6716;47;105
76259;2019;18041;184;265
76276;2019;3812;24;95
76305;2019;9124;104;75
76312;2019;6041;51;86
76322;2019;25963;247;268
76325;2019;438;5;3
76329;2019;3175;25;16
76341;2019;8349;100;56
76351;2019;168290;2198;1847
76382;2019;1161;13;5
76384;2019;8797;95;120
76406;2019;421;4;5
76410;2019;10663;140;116
76429;2019;7886;55;73
76447;2019;15470;132;152
76451;2019;19357;155;197
76474;2019;6978;54;69
76476;2019;10248;117;89
76497;2019;8693;116;45
76498;2019;22000;354;184
76540;2019;112321;1423;892
76552;2019;7317;56;77
76575;2019;28352;411;295
76596;2019;1491;20;8
76599;2019;3599;48;34
76613;2019;651;5;8
76637;2019;823;7;11
76640;2019;8283;88;82
76647;2019;4259;49;85
76655;2019;3928;21;70
76681;2019;29068;417;359
76705;2019;2493;25;28
76711;2019;4582;34;88
76743;2019;1765;18;12
76752;2019;2514;26;49
76758;2019;11448;90;191
77001;2019;1142;13;4
77004;2019;286;7;4
77005;2019;3281;22;31
77014;2019;13419;180;122
77018;2019;7416;83;18
77022;2019;1207;9;19
77024;2019;382;3;1
77037;2019;5913;59;39
77044;2019;960;11;23
77053;2019;18812;292;135
77055;2019;4809;82;26
77058;2019;26597;417;70
77059;2019;647;5;1
77061;2019;2482;22;40
77062;2019;455;2;3
77067;2019;10833;102;48
77077;2019;993;7;10
77079;2019;6353;72;57
77081;2019;727;8;0
77082;2019;815;10;9
77083;2019;25654;359;120
77085;2019;3991;56;27
77094;2019;299;0;2
77096;2019;2543;26;29
77100;2019;4339;38;17
77107;2019;3339;63;20
77108;2019;55154;932;299
77111;2019;6304;102;20
77114;2019;3927;54;22
77117;2019;953;9;6
77118;2019;12172;150;85
77121;2019;3359;28;13
77122;2019;21627;287;130
77125;2019;1426;11;10
77127;2019;1885;44;25
77128;2019;2097;20;33
77131;2019;14779;197;140
77132;2019;2871;22;15
77139;2019;6698;97;24
77142;2019;4713;40;35
77143;2019;5223;79;11
77146;2019;2026;18;10
77148;2019;1825;10;21
77152;2019;22128;390;135
77153;2019;10355;141;50
77155;2019;3417;21;26
77163;2019;367;10;0
77169;2019;7659;105;43
77171;2019;6404;63;48
77175;2019;3025;44;15
77177;2019;1132;21;7
77181;2019;3768;60;11
77182;2019;4933;59;63
77183;2019;9637;126;127
77186;2019;15696;126;127
77192;2019;5710;71;46
77201;2019;678;9;5
77202;2019;802;7;6
77209;2019;1186;5;9
77215;2019;8476;109;54
77217;2019;2532;34;9
77221;2019;1144;14;3
77222;2019;4296;59;25
77226;2019;2545;21;45
77232;2019;1149;16;5
77237;2019;656;5;6
77238;2019;4349;40;81
77240;2019;2171;24;14
77243;2019;21539;263;137
77249;2019;7151;53;38
77251;2019;13853;238;42
77258;2019;14353;207;39
77259;2019;2331;33;7
77266;2019;779;3;5
77268;2019;9107;84;15
77272;2019;862;6;3
77280;2019;1114;9;10
77284;2019;55750;947;345
77285;2019;20917;370;138
77288;2019;40844;866;310
77292;2019;1199;18;5
77294;2019;20648;288;128
77296;2019;17849;267;49
77305;2019;21229;308;153
77307;2019;13517;269;29
77312;2019;2660;22;20
77316;2019;12223;111;141
77317;2019;5014;80;37
77318;2019;1431;12;21
77321;2019;672;10;6
77325;2019;359;5;5
77326;2019;6235;84;24
77327;2019;8867;127;70
77330;2019;6225;90;34
77332;2019;286;5;3
77333;2019;13088;164;118
77335;2019;3554;34;7
77337;2019;15960;232;95
77339;2019;1827;17;11
77344;2019;2431;31;7
77347;2019;856;8;30
77349;2019;6725;80;31
77350;2019;20532;209;112
77363;2019;1568;26;10
77369;2019;724;8;4
77372;2019;4183;52;18
77373;2019;37617;492;191
77374;2019;2186;24;10
77377;2019;2312;27;5
77378;2019;2954;42;15
77379;2019;12132;153;147
77382;2019;5439;62;27
77384;2019;1919;28;18
77385;2019;2292;31;39
77389;2019;3778;61;22
77390;2019;22851;309;123
77393;2019;2808;27;38
77407;2019;14121;176;128
77419;2019;3391;39;45
77420;2019;3875;39;23
77425;2019;737;3;6
77430;2019;6110;57;23
77431;2019;5394;40;71
77433;2019;1992;23;23
77435;2019;1107;5;4
77436;2019;896;10;4
77437;2019;3224;24;28
77438;2019;6354;59;30
77441;2019;2040;16;29
77445;2019;29987;445;133
77447;2019;1853;7;21
77449;2019;9494;137;37
77450;2019;3288;39;15
77453;2019;1155;13;4
77455;2019;2009;24;14
77457;2019;1179;17;5
77458;2019;5383;77;62
77462;2019;872;11;3
77464;2019;10454;153;53
77468;2019;22030;350;89
77470;2019;8521;102;88
77474;2019;657;10;7
77475;2019;5045;61;30
77479;2019;13368;189;77
77483;2019;2032;31;32
77487;2019;11101;91;59
77510;2019;982;15;30
77511;2019;645;6;2
77513;2019;4975;85;21
77514;2019;26580;442;116
77517;2019;2137;26;24
77521;2019;1935;19;9
77531;2019;1664;20;34
78005;2019;21529;363;98
78015;2019;13302;160;72
78029;2019;12152;182;70
78043;2019;3733;37;15
78057;2019;1883;21;10
78062;2019;7618;74;37
78073;2019;15325;188;54
78087;2019;2079;13;9
78089;2019;4791;73;44
78090;2019;2194;18;15
78092;2019;8790;109;37
78117;2019;6027;61;32
78118;2019;3306;46;27
78120;2019;1908;14;9
78123;2019;16641;402;85
78124;2019;15178;148;64
78126;2019;20692;209;144
78128;2019;1559;17;9
78133;2019;5587;43;50
78138;2019;10426;206;65
78143;2019;1423;14;9
78146;2019;30153;380;191
78152;2019;1767;18;13
78158;2019;31233;274;256
78160;2019;5610;41;77
78165;2019;17487;175;94
78168;2019;4355;47;19
78172;2019;35536;477;263
78189;2019;1671;8;13
78190;2019;10031;116;66
78193;2019;1022;8;5
78206;2019;4150;66;19
78208;2019;25624;389;105
78217;2019;6561;67;43
78220;2019;6668;65;39
78224;2019;4453;32;37
78233;2019;2983;18;17
78238;2019;2428;32;8
78242;2019;13466;165;65
78246;2019;954;11;7
78255;2019;4266;49;34
78262;2019;1243;17;6
78267;2019;7893;101;59
78269;2019;1290;15;22
78291;2019;2166;19;23
78297;2019;29471;436;102
78310;2019;3671;42;80
78311;2019;32801;433;167
78314;2019;3893;45;15
78321;2019;5772;56;65
78322;2019;8049;60;64
78327;2019;3843;52;18
78335;2019;17136;377;94
78337;2019;1937;23;10
78350;2019;7236;69;79
78354;2019;6177;68;85
78356;2019;9418;83;35
78358;2019;23361;290;208
78361;2019;43921;780;299
78362;2019;20818;366;122
78366;2019;391;3;2
78367;2019;3677;21;17
78372;2019;16385;184;114
78380;2019;5881;57;42
78381;2019;1013;14;5
78382;2019;4414;66;25
78383;2019;17683;241;122
78396;2019;6285;44;75
78397;2019;6777;52;67
78398;2019;865;7;3
78401;2019;9005;111;62
78402;2019;3683;37;20
78403;2019;2296;25;21
78418;2019;14991;139;86
78420;2019;2935;26;96
78423;2019;32282;400;143
78431;2019;3023;39;13
78440;2019;33203;629;184
78442;2019;3385;36;27
78451;2019;1040;11;3
78455;2019;7635;52;79
78466;2019;6664;57;34
78474;2019;927;17;5
78481;2019;15716;169;134
78484;2019;637;16;3
78486;2019;6597;65;50
78490;2019;30950;440;166
78498;2019;39187;705;281
78502;2019;5481;59;49
78513;2019;2199;26;28
78517;2019;27141;311;199
78520;2019;1593;11;20
78522;2019;907;3;5
78537;2019;5818;58;42
78545;2019;19792;326;103
78550;2019;1850;16;13
78551;2019;44806;458;313
78562;2019;1394;8;10
78565;2019;303;2;4
78571;2019;4920;29;28
78575;2019;7806;57;120
78586;2019;52774;816;337
78591;2019;2349;30;35
78616;2019;1424;14;9
78621;2019;32645;632;137
78623;2019;951;7;4
78624;2019;12250;147;58
78638;2019;5010;62;44
78640;2019;23092;278;131
78642;2019;15980;203;97
78643;2019;10104;118;66
78644;2019;6386;89;38
78646;2019;84808;1069;652
78650;2019;15943;171;95
78672;2019;5292;63;31
78674;2019;11003;135;44
78683;2019;2906;32;13
78686;2019;16752;203;126
78688;2019;10835;93;53
79049;2019;19850;213;136
79081;2019;7083;60;62
79114;2019;1578;21;9
79124;2019;112;1;3
79130;2019;2899;15;34
79191;2019;59193;632;558
79202;2019;10089;65;137
79270;2019;7242;51;96
80001;2019;22980;217;312
80010;2019;2833;23;21
80016;2019;9779;77;144
80021;2019;134706;1574;1126
80039;2019;1397;5;22
80164;2019;4436;28;44
80182;2019;2445;18;53
80212;2019;6292;48;151
80228;2019;1989;11;22
80253;2019;5890;56;85
80333;2019;1298;5;34
80368;2019;4491;32;73
80489;2019;5765;58;61
80524;2019;588;5;3
80533;2019;2655;18;36
80620;2019;7577;75;148
80627;2019;829;6;1
80649;2019;1313;10;17
80685;2019;5693;54;97
80702;2019;1309;15;6
80721;2019;2469;12;62
80826;2019;791;1;6
81004;2019;48902;413;654
81065;2019;42079;410;439
81145;2019;4676;38;61
81163;2019;9996;75;201
81257;2019;6694;52;46
81271;2019;9336;105;61
82013;2019;3773;36;88
82033;2019;14114;143;127
82037;2019;6808;67;80
82075;2019;4177;28;43
82096;2019;3148;39;24
82112;2019;13378;151;163
82121;2019;61372;704;604
82124;2019;4241;56;52
82125;2019;6589;67;56
82155;2019;1851;12;37
82161;2019;3901;47;37
82190;2019;4808;47;51
83001;2019;2784;18;31
83004;2019;7066;87;82
83008;2019;2862;22;36
83009;2019;8403;56;142
83011;2019;1334;11;26
83012;2019;2990;25;50
83016;2019;9845;86;97
83017;2019;2423;18;11
83019;2019;8162;45;117
83023;2019;17361;218;144
83026;2019;1951;23;17
83027;2019;5574;33;60
83029;2019;3341;26;35
83031;2019;4279;42;45
83033;2019;3525;48;27
83034;2019;9518;65;99
83035;2019;3873;53;37
83036;2019;7586;49;120
83041;2019;720;6;10
83042;2019;11311;127;107
83043;2019;1874;12;13
83047;2019;18774;149;139
83048;2019;3779;36;43
83049;2019;11962;150;141
83050;2019;39433;428;368
83051;2019;1118;5;11
83053;2019;2416;21;14
83054;2019;9614;87;67
83055;2019;5735;51;61
83061;2019;54458;564;576
83062;2019;25505;241;268
83064;2019;5303;28;60
83067;2019;4329;44;33
83068;2019;4562;44;60
83069;2019;54821;470;728
83070;2019;5985;51;84
83071;2019;10641;85;141
83072;2019;9054;75;132
83073;2019;11094;126;147
83081;2019;6548;69;74
83082;2019;1527;9;8
83083;2019;1420;10;10
83086;2019;9288;86;107
83090;2019;13866;120;168
83091;2019;6068;43;58
83098;2019;10277;95;143
83099;2019;8062;125;123
83100;2019;4357;55;39
83101;2019;2115;27;15
83103;2019;3962;30;42
83104;2019;4278;42;60
83106;2019;5250;57;32
83107;2019;14937;143;167
83110;2019;1662;16;10
83112;2019;11484;79;160
83115;2019;14448;107;204
83116;2019;17095;152;147
83118;2019;36027;256;566
83119;2019;3851;27;68
83121;2019;3761;43;64
83123;2019;16889;112;304
83124;2019;2669;25;41
83126;2019;62987;724;731
83127;2019;2927;30;24
83129;2019;34592;256;453
83130;2019;11762;122;138
83131;2019;5753;64;56
83132;2019;2526;33;25
83137;2019;178745;2162;1848
83138;2019;2877;27;31
83139;2019;585;3;6
83140;2019;5042;45;60
83144;2019;24087;246;266
83148;2019;12616;140;113
83153;2019;6095;30;85
84003;2019;11037;104;158
84004;2019;5778;61;64
84007;2019;91143;1360;850
84008;2019;639;3;4
84009;2019;1614;14;10
84012;2019;2389;22;32
84016;2019;5316;45;54
84017;2019;3093;28;42
84019;2019;13439;145;146
84030;2019;3399;38;19
84031;2019;29236;415;312
84035;2019;26236;378;259
84036;2019;3321;19;54
84037;2019;2055;16;38
84039;2019;6026;79;58
84043;2019;8595;81;81
84054;2019;20042;165;222
84056;2019;5469;59;62
84065;2019;3879;42;51
84069;2019;2785;32;53
84070;2019;1887;23;13
84074;2019;2189;24;15
84080;2019;12935;139;73
84081;2019;8786;92;83
84083;2019;2438;40;13
84087;2019;28772;356;314
84088;2019;10170;76;85
84089;2019;20557;272;161
84092;2019;17041;222;137
84106;2019;2591;28;43
84118;2019;2877;15;55
84122;2019;6128;63;64
84124;2019;946;6;5
84127;2019;2853;28;22
84129;2019;18893;250;183
84132;2019;8940;83;71
84133;2019;4334;41;66
84136;2019;1240;15;7
84137;2019;5908;44;101
84141;2019;11383;127;72
84144;2019;641;5;6
84147;2019;3356;38;22
84150;2019;1956;18;15
85001;2019;2061;4;58
85011;2019;1723;5;26
85012;2019;2179;22;29
85018;2019;3880;21;71
85035;2019;5066;35;66
85038;2019;2816;35;28
85047;2019;21322;149;266
85051;2019;8394;82;80
85084;2019;9174;107;55
85092;2019;13235;92;225
85109;2019;16250;152;170
85114;2019;2665;7;60
85127;2019;2405;15;44
85128;2019;9554;48;155
85146;2019;20424;189;131
85151;2019;6059;33;65
85152;2019;5271;57;55
85163;2019;4550;29;90
85164;2019;2149;14;37
85190;2019;3400;46;31
85191;2019;55147;517;492
85194;2019;45030;275;738
85215;2019;3814;37;40
85222;2019;7862;50;141
85226;2019;11297;67;148
85234;2019;8696;54;172
85262;2019;3535;43;28
85278;2019;1312;7;24
85288;2019;7831;55;95
85294;2019;2904;15;69
85298;2019;1744;22;21
85307;2019;665;4;14
86034;2019;601;4;9
86041;2019;10060;103;71
86062;2019;4692;42;49
86066;2019;31487;349;413
86070;2019;7062;63;142
86100;2019;3934;27;28
86157;2019;5026;42;39
86194;2019;89212;1065;618
86207;2019;1560;12;17
87014;2019;2803;13;49
87050;2019;9518;94;80
87075;2019;7847;60;91
87085;2019;130876;1441;1309
87161;2019;4385;31;88
87187;2019;6718;33;119
88075;2019;4143;28;41
88081;2019;1349;5;43
88087;2019;3197;27;19
88101;2019;1236;14;22
88114;2019;3190;24;30
88116;2019;3111;15;63
88122;2019;364;4;1
88126;2019;1380;15;7
88132;2019;1361;13;12
88160;2019;32256;344;280
88177;2019;520;4;2
88178;2019;1833;14;11
88181;2019;2841;23;66
88196;2019;7807;47;118
88198;2019;601;4;4
88201;2019;900;6;7
88209;2019;8798;97;130
88225;2019;2359;20;11
88253;2019;683;7;6
88262;2019;582;2;7
88270;2019;2124;15;50
88273;2019;456;6;0
88304;2019;4949;32;84
88319;2019;3089;27;30
88321;2019;6636;42;100
88341;2019;508;2;6
88347;2019;118;1;0
88349;2019;1641;12;27
88358;2019;1980;12;14
88367;2019;5096;51;73
88369;2019;1889;14;16
88372;2019;6205;58;102
88383;2019;7691;71;100
88408;2019;3529;25;37
88413;2019;19576;194;260
88415;2019;3847;52;43
88424;2019;2308;11;32
88429;2019;3994;32;29
88442;2019;635;6;3
88445;2019;2328;20;22
88465;2019;8634;62;98
88468;2019;3376;24;64
88486;2019;3911;24;57
88500;2019;832;5;5
88516;2019;4832;32;66
88531;2019;1515;11;16
89024;2019;34451;384;436
89025;2019;6462;40;95
89100;2019;1676;28;36
89102;2019;2169;11;15
89239;2019;1547;11;11
89267;2019;177;2;3
89287;2019;4828;47;44
89338;2019;2740;30;44
89346;2019;3225;26;46
89370;2019;1727;26;25
89380;2019;454;3;21
89387;2019;26688;387;309
89414;2019;1417;18;10
89418;2019;4381;46;84
89438;2019;1759;13;11
89464;2019;5165;47;93
90009;2019;5010;54;74
90010;2019;46443;523;406
90075;2019;4219;40;29
91016;2019;4353;69;29
91017;2019;1723;19;17
91021;2019;11355;226;85
91027;2019;35670;598;209
91044;2019;4600;44;29
91045;2019;7593;89;59
91047;2019;1311;8;10
91064;2019;4823;43;38
91080;2019;1341;17;6
91085;2019;3828;38;16
91086;2019;10046;116;64
91095;2019;2113;28;17
91097;2019;7983;120;73
91099;2019;2963;30;29
91103;2019;27412;448;126
91105;2019;8566;101;63
91109;2019;1260;10;10
91111;2019;3342;37;9
91114;2019;25330;333;206
91115;2019;3497;33;18
91122;2019;9408;91;74
91129;2019;3337;32;36
91132;2019;1133;17;5
91135;2019;2867;24;34
91136;2019;2778;36;15
91156;2019;2226;25;2
91161;2019;19822;349;119
91174;2019;51234;1068;273
91175;2019;1718;11;24
91179;2019;4844;50;32
91180;2019;337;3;0
91191;2019;9369;136;41
91198;2019;1495;12;14
91200;2019;10452;115;102
91201;2019;28602;333;178
91207;2019;6322;90;27
91215;2019;12266;181;70
91216;2019;11184;120;110
91223;2019;25629;388;156
91225;2019;3144;30;14
91226;2019;6729;77;65
91228;2019;66851;1292;277
91232;2019;3659;44;27
91235;2019;13641;224;35
91244;2019;1591;19;3
91249;2019;3923;41;15
91272;2019;21007;168;100
91274;2019;1502;13;2
91275;2019;2664;26;9
91286;2019;28201;572;119
91293;2019;903;4;8
91312;2019;9917;97;59
91315;2019;6522;82;37
91326;2019;17454;322;113
91330;2019;5483;48;34
91332;2019;1477;19;15
91333;2019;4378;55;26
91338;2019;6492;50;29
91339;2019;6842;85;32
91340;2019;7333;94;30
91345;2019;21269;328;131
91347;2019;6375;102;54
91359;2019;2780;32;33
91363;2019;8138;102;52
91376;2019;5610;62;30
91377;2019;50644;916;273
91386;2019;15292;183;89
91405;2019;4635;28;56
91421;2019;23760;331;198
91425;2019;7681;104;67
91432;2019;13424;177;110
91433;2019;4346;41;37
91434;2019;20124;292;122
91457;2019;4331;40;32
91458;2019;4511;40;20
91461;2019;4759;47;28
91468;2019;2158;22;11
91469;2019;911;7;5
91471;2019;15503;176;103
91477;2019;35236;486;182
91479;2019;7814;91;63
91494;2019;4140;52;9
91511;2019;2106;38;28
91514;2019;9426;119;106
91521;2019;29745;501;193
91525;2019;1340;8;18
91533;2019;1859;15;10
91534;2019;4256;52;14
91546;2019;937;14;4
91549;2019;35830;501;271
91552;2019;10983;146;43
91553;2019;7488;64;53
91560;2019;487;4;3
91570;2019;20484;308;137
91573;2019;11220;239;50
91577;2019;5797;64;44
91579;2019;3059;21;54
91581;2019;902;9;7
91587;2019;6416;113;20
91589;2019;36577;512;272
91599;2019;1282;16;10
91600;2019;7213;71;48
91617;2019;4294;75;10
91630;2019;1486;15;10
91631;2019;2300;14;9
91634;2019;1355;17;23
91639;2019;959;10;9
91645;2019;14888;104;181
91648;2019;2262;28;15
91649;2019;2818;32;14
91657;2019;31394;539;184
91659;2019;5487;50;24
91661;2019;10466;120;45
91665;2019;8010;108;49
91666;2019;2425;28;6
91667;2019;7058;63;63
91671;2019;604;5;3
91679;2019;1212;10;2
91685;2019;4600;48;20
91687;2019;30865;552;214
91689;2019;7133;126;36
91691;2019;29318;362;191
91692;2019;25024;407;113
92002;2019;62760;819;390
92004;2019;87143;1580;508
92007;2019;40936;642;236
92009;2019;28841;382;202
92012;2019;121583;1519;749
92014;2019;21050;229;125
92019;2019;34021;478;220
92020;2019;36639;503;232
92022;2019;20771;277;131
92023;2019;52925;569;443
92024;2019;63089;869;277
92025;2019;86534;1365;493
92026;2019;81558;1202;463
92032;2019;25531;288;171
92033;2019;17795;175;154
92035;2019;29642;433;162
92036;2019;48530;804;303
92040;2019;67981;971;328
92044;2019;66082;1021;367
92046;2019;30950;361;171
92048;2019;45818;507;330
92049;2019;48352;595;307
92050;2019;96277;1731;505
92051;2019;59599;619;559
92060;2019;30061;329;152
92062;2019;45157;724;222
92063;2019;78317;971;512
92064;2019;30012;347;221
92071;2019;20004;135;164
92072;2019;23463;240;159
92073;2019;49311;732;278
92075;2019;27846;252;199
92076;2019;8683;77;64
92077;2019;11225;82;93
92078;2019;24097;409;119
93001;2019;88948;1567;425
93005;2019;86969;1378;446
93006;2019;36060;551;242
93007;2019;57498;1063;296
93008;2019;54363;993;311
93010;2019;54587;1044;324
93013;2019;15905;297;110
93014;2019;28782;539;106
93015;2019;4921;66;45
93027;2019;45053;778;184
93029;2019;72376;1274;440
93030;2019;11073;206;41
93031;2019;54611;970;283
93032;2019;39661;641;253
93033;2019;6844;57;32
93039;2019;8288;137;31
93045;2019;23447;318;161
93046;2019;45692;804;294
93047;2019;27928;401;160
93048;2019;111240;1830;614
93049;2019;20878;264;132
93050;2019;35907;561;187
93051;2019;67871;1165;338
93053;2019;44463;755;244
93055;2019;59846;975;320
93057;2019;23898;452;182
93059;2019;30861;583;149
93061;2019;17351;269;116
93062;2019;14569;215;93
93063;2019;30087;556;173
93064;2019;46024;919;271
93066;2019;112852;2113;525
93070;2019;50697;957;255
93071;2019;51734;922;268
93072;2019;38285;691;204
93073;2019;36461;608;207
93074;2019;7181;124;49
93077;2019;30405;460;206
93078;2019;37713;730;177
93079;2019;13574;223;52
94001;2019;5852;86;59
94002;2019;44805;732;280
94003;2019;21788;304;118
94004;2019;16977;285;93
94011;2019;18062;280;133
94015;2019;17525;232;138
94016;2019;30440;383;253
94017;2019;76990;1087;457
94018;2019;29882;445;181
94019;2019;18039;253;86
94021;2019;19988;271;111
94022;2019;46150;806;268
94028;2019;93246;1521;519
94033;2019;52008;665;381
94034;2019;28710;441;136
94037;2019;18815;270;115
94038;2019;32071;436;218
94041;2019;63748;998;356
94042;2019;19652;245;125
94043;2019;24971;346;120
94044;2019;27833;545;137
94046;2019;56483;742;354
94047;2019;4777;41;59
94048;2019;4783;41;19
94052;2019;34042;481;201
94053;2019;4607;41;25
94054;2019;24627;438;146
94055;2019;10419;49;70
94056;2019;2688;25;12
94058;2019;33588;415;218
94059;2019;19829;266;125
94060;2019;12051;165;54
94065;2019;5657;63;47
94067;2019;22377;285;150
94068;2019;74976;790;580
94069;2019;14189;225;109
94070;2019;4014;46;28
94071;2019;27157;283;198
94073;2019;30676;448;188
94074;2019;14883;295;56
94075;2019;11779;127;82
94076;2019;55208;828;382
94077;2019;21679;299;123
94078;2019;34890;691;215
94079;2019;28895;542;197
94080;2019;49788;634;277
94081;2019;95510;1508;527
95014;2019;2574;24;42
95018;2019;111038;2141;598
95019;2019;14255;289;104
95026;2019;2939;29;20
95039;2019;6813;66;34
95042;2019;1899;17;11
95051;2019;8687;105;66
95052;2019;9504;146;88
95056;2019;2203;31;6
95060;2019;7878;115;42
95063;2019;31671;626;172
95078;2019;1844;24;12
95088;2019;1129;25;3
95091;2019;6578;83;49
95116;2019;4347;56;18
95127;2019;65911;1375;236
95134;2019;5018;66;29
95142;2019;2046;13;21
95149;2019;3241;30;15
95176;2019;25406;373;191
95177;2019;1333;13;8
95183;2019;6709;89;16
95197;2019;22149;364;107
95199;2019;15504;204;115
95203;2019;25335;355;236
95205;2019;7125;109;38
95210;2019;11470;153;103
95211;2019;2418;10;37
95218;2019;18296;303;102
95219;2019;28939;450;192
95229;2019;9656;135;82
95241;2019;2007;33;43
95250;2019;9791;150;43
95252;2019;37394;639;234
95256;2019;3342;27;20
95257;2019;4701;42;32
95268;2019;43239;743;184
95270;2019;541;3;3
95277;2019;26106;509;200
95280;2019;31068;596;183
95288;2019;8509;128;43
95306;2019;31314;487;175
95313;2019;12063;117;113
95323;2019;16741;230;51
95328;2019;643;10;2
95351;2019;11037;212;69
95352;2019;4733;52;47
95353;2019;1834;26;6
95355;2019;5846;58;45
95369;2019;2846;23;11
95370;2019;3446;25;55
95388;2019;5902;68;28
95392;2019;5168;52;21
95394;2019;9865;146;54
95409;2019;1287;16;8
95424;2019;21528;361;105
95426;2019;2937;29;14
95427;2019;14523;220;75
95428;2019;21723;253;239
95430;2019;3633;42;35
95452;2019;863;14;7
95476;2019;17446;225;104
95480;2019;5589;52;52
95487;2019;13734;277;68
95488;2019;9423;166;55
95491;2019;8514;105;59
95500;2019;32405;553;184
95509;2019;3563;44;14
95523;2019;479;2;4
95527;2019;2833;35;16
95539;2019;15043;262;57
95555;2019;20895;282;135
95563;2019;16130;177;104
95572;2019;24674;497;138
95574;2019;7036;68;73
95580;2019;2379;26;13
95582;2019;26565;420;130
95585;2019;59196;1102;370
95594;2019;1025;4;6
95598;2019;18033;211;132
95604;2019;4213;55;13
95607;2019;26872;348;205
95612;2019;4567;75;21
95628;2019;1213;11;10
95637;2019;16456;209;36
95641;2019;2699;45;15
95651;2019;884;6;9
95652;2019;5194;47;33
95675;2019;1506;35;4
95678;2019;861;3;6
95680;2019;28423;622;159
97201;2019;1756;15;33
97205;2019;4455;40;26
97206;2019;5511;60;26
97207;2019;17655;176;105
97209;2019;76512;935;897
97210;2019;15980;165;207
97212;2019;9689;92;115
97213;2019;40095;453;311
97217;2019;8751;60;82
97222;2019;21913;220;171
97224;2019;15883;166;131
97226;2019;4444;40;40
97227;2019;9487;100;90
97229;2019;19612;194;180
97230;2019;12025;134;112
97231;2019;7242;72;48
97232;2019;8619;81;83
97302;2019;65493;1817;375
97304;2019;24903;675;73
97307;2019;33458;956;115
97309;2019;26358;405;88
97311;2019;47621;2376;157
97408;2019;32985;637;118
97409;2019;56902;991;307
97410;2019;37036;664;234
97411;2019;153810;2324;952
97413;2019;34586;514;198
97415;2019;103208;1449;563
97416;2019;84982;1252;523
97418;2019;34061;574;162
75116;2019;165523;1506;1280
75117;2019;166543;2401;945
75118;2019;192468;3020;1123
75119;2019;184573;2816;1118
75120;2019;194994;2400;1134
